"","ASSESSMENT","ID_NO","SCI_NAME","PRESENCE","ORIGIN","SEASONAL","COMPILER","YRCOMPILED"
"1",517178,136036,"Ctenophryne barbatula",1,1,1,"Kelsey Neam",2018
"2",517485,136055,"Anodonthyla moramora",1,1,1,"Jennifer Luedtke",2015
"3",1961657,190941,"Anodonthyla emilei",1,1,1,"Jennifer Luedtke",2014
"4",1965273,190989,"Gastrophrynoides immaculatus",1,1,1,"Louise Hobin",2022
"5",3056637,57204,"Ctenophryne carpish",1,1,1,"Kelsey Neam",2017
"6",3061340,57674,"Anodonthyla boulengerii",1,1,1,"IUCN",2008
"7",3061504,57676,"Anodonthyla nigrigularis",1,1,1,"Jennifer Luedtke",2015
"8",3062978,57816,"Hypopachus pictiventris",1,1,1,"Kelsey Neam",2019
"9",3063111,57900,"Ctenophryne aterrima",1,1,1,"Kelsey Neam",2019
"10",3063111,57900,"Ctenophryne aterrima",1,1,1,"Steve Best",2019
"11",3063281,57950,"Phrynomantis annectens",1,1,1,"Evie J Morris",2013
"12",3063393,57951,"Phrynomantis bifasciatus",1,1,1,"Evie J Morris",2013
"13",3063878,58020,"Chiasmocleis carvalhoi",1,1,1,"Kelsey Neam",2017
"14",3063999,58021,"Chiasmocleis tridactyla",1,1,1,"Kelsey Neam",2021
"15",3108285,61849,"Cophyla berara",1,1,1,"Jennifer Luedtke",2016
"16",13323507,57946,"Parhoplophryne usambarica",1,1,1,"IUCN",2008
"17",17170304,57822,"Hoplophryne rogersi",1,1,1,"Aina Pascual Cuadras",2012
"18",17170304,57822,"Hoplophryne rogersi",1,1,1,"Ariadne Angulo",2012
"19",17172855,57823,"Hoplophryne uluguruensis",1,1,1,"Aina Pascual Cuadras",2012
"20",18375469,57953,"Phrynomantis somalicus",1,1,1,"Evie J Morris",2013
"21",18380680,57949,"Phrynomantis affinis",1,1,1,"Evie J Morris",2013
"22",18380928,57952,"Phrynomantis microps",1,1,1,"Evie J Morris",2013
"23",46373631,46373615,"Kalophrynus limbooliati",1,1,1,"Louise Hobin",2020
"24",46373797,46373761,"Kalophrynus pleurostigma",1,1,1,"IUCN & Louise Hobin",2021
"25",46373797,46373761,"Kalophrynus pleurostigma",1,1,1,"Kelsey Neam",2021
"26",46373797,46373761,"Kalophrynus pleurostigma",6,1,1,"IUCN & Louise Hobin",2021
"27",46373797,46373761,"Kalophrynus pleurostigma",6,1,1,"Louise Hobin",2021
"28",46980658,46980343,"Kalophrynus tiomanensis",1,1,1,"Louise Hobin",2018
"29",46981046,46981005,"Kalophrynus yongi",1,1,1,"Louise Hobin",2018
"30",47005732,47005729,"Microhyla malang",1,1,1,"Kelsey Neam",2018
"31",47005758,47005754,"Microhyla borneensis",1,1,1,"Kelsey Neam",2018
"32",47005898,47005895,"Oreophryne furu",1,1,1,"Louise Hobin",2019
"33",47005908,47005905,"Xenorhina arndti",1,1,1,"IUCN",2019
"34",47006115,47006112,"Asterophrys marani",1,1,1,"Steve Best & Louise Hobin",2019
"35",47006175,57743,"Asterophrys slateri",1,1,1,"Louise Hobin",2019
"36",47006299,57734,"Asterophrys eurydactyla",1,1,1,"IUCN",2019
"37",49570928,49570767,"Platypelis ravus",1,1,1,"Jennifer Luedtke",2015
"38",49571841,136186,"Plethodontohyla fonetana",1,1,1,"Jennifer Luedtke",2015
"39",49580865,135750,"Plethodontohyla guentheri",1,1,1,"Jennifer Luedtke",2015
"40",49581242,49581234,"Rhombophryne mangabensis",1,1,1,"IUCN",2015
"41",49584073,49583995,"Stumpffia hara",1,1,1,"Louise Hobin",2015
"42",50925847,50925843,"Gastrophryne mazatlanensis",1,1,1,"Paulina Arias Caballero-CONABIO",2015
"43",50929945,50930132,"Gastrophryne olivacea",1,1,1,"Lauren Warr",2020
"44",51411738,57728,"Glyphoglossus yunnanensis",1,1,1,"IUCN",2021
"45",53969231,57814,"Gastrophryne elegans",1,1,1,"Kelsey Neam",2019
"46",53969358,57817,"Hypopachus ustus",1,1,1,"Louise Hobin & Paulina Arias Caballero-CONABIO",2019
"47",53969609,57832,"Hypopachus variolosus",1,1,1,"Steve Best",2019
"48",54352363,57761,"Elachistocleis panamensis",1,1,1,"IUCN",2016
"49",54352467,78911234,"Elachistocleis ovalis",1,1,1,"Kelsey Neam",2021
"50",54352618,57993,"Elachistocleis pearsei",1,1,1,"Kelsey Neam",2020
"51",54352618,57993,"Elachistocleis pearsei",1,1,1,"Kelsey Neam",2020
"52",54352618,57993,"Elachistocleis pearsei",1,1,1,"Nieves Garcia",2020
"53",55068516,57725,"Glyphoglossus guttulatus",1,1,1,"Timtohy Cutajar",2015
"54",55069709,57874,"Nanohyla annamensis",1,1,1,"Timothy Cutajar",2015
"55",55071615,73726690,"Kaloula baleata",1,1,1,"IUCN",2020
"56",55071615,73726690,"Kaloula baleata",6,1,1,"IUCN",2020
"57",55071615,73726690,"Kaloula baleata",6,1,1,"Kelsey Neam",2020
"58",55071615,73726690,"Kaloula baleata",6,1,1,"Louise Hobin",2020
"59",57432953,57432950,"Elachistocleis muiraquitan",1,1,1,"Kelsey Neam",2021
"60",58477817,57850,"Kaloula conjuncta",1,1,1,"IUCN",2017
"61",58477817,57850,"Kaloula conjuncta",1,1,1,"Kelsey Neam",2017
"62",58477977,57851,"Kaloula kalingensis",1,1,1,"Kelsey Neam",2017
"63",58478157,57852,"Kaloula kokacii",1,1,1,"Kelsey Neam",2018
"64",58478487,57860,"Kaloula walteri",1,1,1,"IUCN",2017
"65",58478677,57889,"Nanohyla petrigena",1,1,1,"IUCN",2018
"66",58478677,57889,"Nanohyla petrigena",1,1,1,"Kelsey Neam",2018
"67",63879156,57897,"Micryletta steinegeri",1,1,1,"Louise Hobin",2019
"68",63879577,153631981,"Micryletta inornata",1,1,1,"IUCN",2021
"69",63879577,153631981,"Micryletta inornata",1,1,1,"Louise Hobin",2021
"70",63879577,153631981,"Micryletta inornata",6,1,1,"IUCN",2021
"71",63880157,57891,"Microhyla pulchra",1,1,1,"IUCN",2019
"72",63882400,57857,"Kaloula rugifera",1,1,1,"IUCN",2019
"73",63882627,57859,"Kaloula verrucosa",1,1,1,"IUCN",2019
"74",63883258,57882,"Microhyla heymonsi",1,1,1,"IUCN",2021
"75",63883258,57882,"Microhyla heymonsi",1,1,1,"Louise Hobin",2021
"76",63884744,57876,"Microhyla berdmorei",1,1,1,"IUCN",2021
"77",63884744,57876,"Microhyla berdmorei",1,1,1,"Louise Hobin",2021
"78",63885195,184670740,"Microhyla butleri",1,1,1,"IUCN",2021
"79",63885195,184670740,"Microhyla butleri",1,1,1,"IUCN",2021
"80",63885982,57839,"Micryletta menglienica",1,1,1,"Louise Hobin",2020
"81",63886407,88137293,"Kalophrynus interlineatus",1,1,1,"Christopher Portway",2020
"82",63886407,88137293,"Kalophrynus interlineatus",3,1,1,"Christopher Portway",2020
"83",63886863,135848,"Microhyla fissipes",1,1,1,"IUCN & Louise Hobin",2020
"84",63886863,135848,"Microhyla fissipes",6,1,1,"Louise Hobin",2020
"85",63887081,57849,"Kaloula borealis",1,1,1,"IUCN",2018
"86",63887207,88333729,"Kaloula pulchra",1,1,1,"IUCN",2020
"87",63887207,88333729,"Kaloula pulchra",1,1,1,"Jennifer Luedtke",2020
"88",63887207,88333729,"Kaloula pulchra",1,1,1,"Louise Hobin",2020
"89",63887207,88333729,"Kaloula pulchra",1,3,1,"IUCN",2020
"90",64129991,57746,"Chaperina fusca",1,1,1,"IUCN",2020
"91",64129991,57746,"Chaperina fusca",1,1,1,"IUCN & Louise Hobin",2020
"92",64129991,57746,"Chaperina fusca",1,1,1,"Kelsey Neam",2020
"93",64129991,57746,"Chaperina fusca",1,1,1,"Louise Hobin",2020
"94",64130420,136090,"Microhyla mantheyi",1,1,1,"IUCN",2020
"95",64130420,136090,"Microhyla mantheyi",1,1,1,"Kelsey Neam",2020
"96",64131256,57948,"Phrynella pulchra",1,1,1,"IUCN",2020
"97",67383403,58011,"Stumpffia psologlossa",1,1,1,"IUCN",2015
"98",67477873,57961,"Platypelis pollicaris",1,1,1,"IUCN",2008
"99",68304811,66390759,"Stumpffia miery",1,1,1,"Louise Hobin",2015
"100",68510621,190914,"Anodonthyla pollicaris",1,1,1,"Philip Bowles",2012
"101",71675028,57668,"Choerophryne siegfriedi",1,1,1,"IUCN",2019
"102",71675563,57696,"Austrochaperina novaebritanniae",1,1,1,"Louise Hobin",2019
"103",71675563,57696,"Austrochaperina novaebritanniae",3,1,1,"Louise Hobin",2019
"104",71675862,57738,"Callulops kopsteini",1,1,1,"IUCN",2019
"105",71676126,57781,"Cophixalus nubicola",1,1,1,"Louise Hobin",2019
"106",71676416,57796,"Copiula minor",1,1,1,"IUCN",2019
"107",71676416,57796,"Copiula minor",6,1,1,"IUCN",2019
"108",73726619,73726605,"Kalophrynus cryptophonus",1,1,1,"Timothy Cutajar",2015
"109",73726671,73726664,"Kalophrynus honbaensis",1,1,1,"IUCN",2015
"110",73726716,73726854,"Kaloula indochinensis",1,1,1,"Jordann Crawford-Ash",2017
"111",73726716,73726854,"Kaloula indochinensis",1,1,1,"Jordann Crawford-Ash",2020
"112",73727068,73727058,"Kaloula nonggangensis",1,1,1,"Lauren Warr",2019
"113",73727604,73727593,"Nanohyla arboricola",1,1,1,"Timothy Cutajar",2015
"114",73727649,73727634,"Microhyla darevskii",1,1,1,"Harry Leung",2020
"115",73727649,73727634,"Microhyla darevskii",3,1,1,"Harry Leung",2020
"116",73727732,73727722,"Microhyla minuta",1,1,1,"Timothy Cutajar",2020
"117",73727732,73727722,"Microhyla minuta",3,1,1,"Timothy Cutajar",2020
"118",73728084,73727759,"Microhyla pineticola",1,1,1,"iucn",2015
"119",73728084,73727759,"Microhyla pineticola",1,1,1,"iucn",2015
"120",73728104,73728100,"Nanohyla pulchella",1,1,1,"Timothy Cutajar",2015
"121",74064294,74064289,"Choerophryne alpestris",1,1,1,"Louise Hobin",2019
"122",74064310,74064306,"Choerophryne brevicrus",1,1,1,"Louise Hobin",2019
"123",74064364,74064360,"Choerophryne murrita",1,1,1,"Louise Hobin",2019
"124",74064510,74064432,"Choerophryne pandanicola",1,1,1,"Louise Hobin",2019
"125",76229570,76229259,"Austrochaperina alexanderi",1,1,1,"Steve Best and Louise Hobin",2019
"126",76229886,76229641,"Austrochaperina laurae",1,1,1,"Louise Hobin",2019
"127",76229886,76229641,"Austrochaperina laurae",1,1,1,"Steve Best",2019
"128",76230566,76230264,"Barygenys apodasta",1,1,1,"Steve Best & Louise Hobin",2019
"129",76230944,76231648,"Barygenys exsul",1,1,1,"IUCN",2019
"130",76230944,76231648,"Barygenys exsul",1,1,1,"IUCN",2019
"131",76232706,76232642,"Barygenys resima",1,1,1,"Louise Hobin",2019
"132",76232706,76232642,"Barygenys resima",3,1,1,"Lauren Warr",2019
"133",76234665,76234419,"Callulops biakensis",1,1,1,"Louise Hobin",2019
"134",76234713,76234694,"Callulops eremnosphax",1,1,1,"Louise Hobin",2019
"135",76234713,76234694,"Callulops eremnosphax",3,1,1,"Louise Hobin",2019
"136",76234830,76234930,"Callulops robustus",1,1,1,"IUCN & Louise Hobin",2019
"137",76234830,76234930,"Callulops robustus",6,1,1,"IUCN & Louise Hobin",2019
"138",76234830,76234930,"Callulops robustus",6,1,1,"IUCN & Louise Hobin",2019
"139",76234830,76234930,"Callulops robustus",6,1,1,"IUCN & Louise Hobin",2019
"140",76235298,76235278,"Callulops microtis",1,1,1,"Steve Best & Louise Hobin",2019
"141",76235364,76235359,"Callulops valvifer",1,1,1,"Louise Hobin",2019
"142",76235364,76235359,"Callulops valvifer",1,1,1,"Steve Best",2019
"143",76317624,76317548,"Callulops fojaensis",1,1,1,"Louise Hobin",2019
"144",76317628,76317575,"Callulops mediodiscus",1,1,1,"Louise Hobin",2019
"145",76317632,76317583,"Callulops omnistriatus",1,1,1,"Louise Hobin",2019
"146",76317636,76317614,"Callulops wondiwoiensis",1,1,1,"Louise Hobin",2019
"147",76317640,76317623,"Callulops yapenensis",1,1,1,"Louise Hobin",2019
"148",76317644,76317546,"Choerophryne amomani",1,1,1,"Louise Hobin",2019
"149",76317648,76317561,"Choerophryne arndtorum",1,1,1,"Louise Hobin",2019
"150",76317652,76317572,"Choerophryne bryonopsis",1,1,1,"Louise Hobin",2019
"151",76317652,76317572,"Choerophryne bryonopsis",3,1,1,"Louise Hobin",2019
"152",76317656,76317608,"Choerophryne gracilirostris",1,1,1,"Louise Hobin",2019
"153",76317660,76317550,"Choerophryne microps",1,1,1,"Louise Hobin",2020
"154",76317664,76317569,"Choerophryne nigrescens",1,1,1,"Louise Hobin",2019
"155",76317668,76317555,"Cophixalus albolineatus",1,1,1,"Louise Hobin",2019
"156",76317668,76317555,"Cophixalus albolineatus",3,1,1,"Louise Hobin",2019
"157",76317672,76317573,"Cophixalus amabilis",1,1,1,"Louise Hobin",2019
"158",76317676,76317601,"Cophixalus australis",1,1,1,"Janice Chanson",2020
"159",76317680,76317580,"Cophixalus caverniphilus",1,1,1,"Louise Hobin",2019
"160",76317684,76317603,"Cophixalus clapporum",1,1,1,"Louise Hobin",2019
"161",76317688,76317584,"Cophixalus cupricarenus",1,1,1,"Louise Hobin",2019
"162",76317692,76317549,"Cophixalus desticans",1,1,1,"Louise Hobin",2019
"163",76317696,76317585,"Cophixalus interruptus",1,1,1,"Steve Best & Louise Hobin",2019
"164",76317700,76317563,"Cophixalus iovaorum",1,1,1,"Louise Hobin",2019
"165",76317704,76317595,"Cophixalus kethuk",1,1,1,"Louise Hobin",2019
"166",76317708,76317617,"Cophixalus kulakula",1,1,1,"Janice Chanson",2020
"167",76317708,76317617,"Cophixalus kulakula",1,1,1,"Janice Chanson",2020
"168",76317712,76317597,"Cophixalus linnaeus",1,1,1,"Steve Best",2019
"169",76317716,76317567,"Cophixalus melanops",1,1,1,"Steve Best & Louise Hobin",2019
"170",76317720,76317552,"Cophixalus monosyllabus",1,1,1,"Steve Best",2019
"171",76317724,76317618,"Cophixalus nexipus",1,1,1,"Louise Hobin",2019
"172",76317728,76317592,"Cophixalus phaeobalius",1,1,1,"Louise Hobin",2019
"173",76317732,76317586,"Cophixalus pictus",1,1,1,"Louise Hobin",2019
"174",76317740,76317622,"Cophixalus tomaiodactylus",1,1,1,"Steve Best",2015
"175",76317744,76317578,"Cophixalus viridis",1,1,1,"Louise Hobin",2019
"176",76317748,76317598,"Cophixalus wempi",1,1,1,"Steve Best",2015
"177",76317752,76317554,"Copiula annanoreenae",1,1,1,"Louise Hobin",2019
"178",76317756,76317609,"Copiula lennarti",1,1,1,"Steve Best",2015
"179",76317760,76317547,"Hylophorbus atrifasciatus",1,1,1,"Louise Hobin",2019
"180",76317760,76317547,"Hylophorbus atrifasciatus",1,1,1,"Steve Best &Louise Hobin",2019
"181",76317764,76317589,"Hylophorbus proekes",1,1,1,"Louise Hobin",2019
"182",76317764,76317589,"Hylophorbus proekes",1,1,1,"Steve Best & Louise Hobin",2019
"183",76317768,76317579,"Hylophorbus sigridae",1,1,1,"Steve Best",2019
"184",76317772,76317551,"Sphenophryne magnitympanum",1,1,1,"Lauren Warr",2019
"185",76317772,76317551,"Sphenophryne magnitympanum",1,1,1,"Steve Best",2015
"186",76317772,76317551,"Sphenophryne magnitympanum",3,1,1,"Lauren Warr",2019
"187",76317776,76317582,"Mantophryne axanthogaster",1,1,1,"Steve Best",2019
"188",76317780,76317538,"Oninia senglaubi",1,1,1,"Steve Best",2015
"189",76317784,76317604,"Oreophryne albomaculata",1,1,1,"Louise Hobin",2019
"190",76317788,76317612,"Oreophryne ampelos",1,1,1,"Louise Hobin",2019
"191",76317792,76317564,"Oreophryne anamiatoi",1,1,1,"Louise Hobin",2019
"192",76317796,76317606,"Oreophryne cameroni",1,1,1,"Louise Hobin",2019
"193",76317796,76317606,"Oreophryne cameroni",3,1,1,"Louise Hobin",2019
"194",76317800,76317574,"Oreophryne curator",1,1,1,"Louise Hobin",2019
"195",76317808,76317588,"Oreophryne gagneorum",1,1,1,"Louise Hobin",2019
"196",76317812,76317615,"Oreophryne graminis",1,1,1,"Louise Hobin",2019
"197",76317816,76317571,"Oreophryne mertoni",1,1,1,"Louise Hobin",2019
"198",76317820,76317545,"Oreophryne oviprotector",1,1,1,"Louise Hobin",2019
"199",76317820,76317545,"Oreophryne oviprotector",1,1,1,"Steve Best",2019
"200",76317820,76317545,"Oreophryne oviprotector",3,1,1,"Louise Hobin",2019
"201",76317824,76317594,"Oreophryne parkopanorum",1,1,1,"Louise Hobin",2019
"202",76317828,76317593,"Oreophryne streiffeleri",1,1,1,"Steve Best",2019
"203",76317832,76317540,"Paedophryne amauensis",1,1,1,"Louise Hobin",2019
"204",76317832,76317540,"Paedophryne amauensis",3,1,1,"Louise Hobin",2019
"205",76317836,76317599,"Paedophryne dekot",1,1,1,"Louise Hobin",2019
"206",76317836,76317599,"Paedophryne dekot",3,1,1,"Louise Hobin",2019
"207",76317840,76317577,"Paedophryne kathismaphlox",1,1,1,"Louise Hobin",2019
"208",76317844,76317587,"Paedophryne oyatabu",1,1,1,"Louise Hobin",2019
"209",76317844,76317587,"Paedophryne oyatabu",3,1,1,"Louise Hobin",2019
"210",76317848,76317581,"Paedophryne swiftorum",1,1,1,"Louise Hobin",2019
"211",76317852,76317602,"Paedophryne verrucosa",1,1,1,"Louise Hobin",2019
"212",76317852,76317602,"Paedophryne verrucosa",3,1,1,"Louise Hobin",2019
"213",76317856,76317596,"Xenorhina brachyrhyncha",1,1,1,"Steve Best",2015
"214",76317860,76317541,"Xenorhina tillacki",1,1,1,"Louise Hobin",2019
"215",76500102,76500199,"Cophixalus ornatus",1,1,1,"Janice Chanson",2020
"216",76500221,76500214,"Cophixalus hinchinbrookensis",1,1,1,"Janice Chanson",2020
"217",77125083,77124965,"Sphenophryne miniafia",1,1,1,"Louise Hobin",2019
"218",77125083,77124965,"Sphenophryne miniafia",3,1,1,"Louise Hobin",2019
"219",78427687,57780,"Cophixalus monticola",1,1,1,"Janice Chanson",2020
"220",78428242,57769,"Cophixalus aenigma",1,1,1,"Janice Chanson",2020
"221",78430685,54348,"Austrochaperina fryi",1,1,1,"Janice Chanson",2020
"222",78430784,54347,"Austrochaperina adelphe",1,1,1,"Stewart Macdonald",2017
"223",78430992,54351,"Austrochaperina robusta",1,1,1,"Janice Chanson",2020
"224",78431087,54350,"Austrochaperina pluvialis",1,1,1,"Janice Chanson",2020
"225",78431190,54349,"Austrochaperina gracilipes",1,1,1,"IUCN",2019
"226",78431190,54349,"Austrochaperina gracilipes",1,1,1,"Janice Chanson",2021
"227",78433189,41039,"Cophixalus mcdonaldi",1,1,1,"Janice Chanson",2020
"228",78433331,41040,"Cophixalus neglectus",1,1,1,"Janice Chanson",2020
"229",78437730,41042,"Cophixalus peninsularis",1,1,1,"Janice Chanson",2020
"230",78437984,41041,"Cophixalus saxatilis",1,1,1,"Janice Chanson",2020
"231",78438380,41043,"Cophixalus zweifeli",1,1,1,"Janice Chanson",2020
"232",78439270,41122,"Cophixalus infacetus",1,1,1,"Stewart Macdonald",2020
"233",78439368,41121,"Cophixalus hosmeri",1,1,1,"Janice Chanson",2020
"234",78451572,41117,"Cophixalus bombiens",1,1,1,"Janice Chanson",2020
"235",78451677,41118,"Cophixalus concinnus",1,1,1,"Janice Chanson",2020
"236",78451805,41119,"Cophixalus crepitans",1,1,1,"Janice Chanson",2020
"237",78451912,41120,"Cophixalus exiguus",1,1,1,"Stewart MacDonald",2020
"238",78452071,78417157,"Cophixalus pakayakulangun",1,1,1,"Janice Chanson",2020
"239",78452076,78418762,"Cophixalus petrophilus",1,1,1,"Stewart MacDonald",2020
"240",78457832,78458222,"Chiasmocleis ventrimaculata",1,1,1,"Kelsey Neam",2021
"241",78910954,78910763,"Elachistocleis haroi",1,1,1,"Nieves Garcia",2021
"242",78910954,78910763,"Elachistocleis haroi",3,1,1,"Kelsey Neam",2021
"243",78910991,78911125,"Elachistocleis bicolor",1,1,1,"Sheila Andrade",2020
"244",78910991,78911125,"Elachistocleis bicolor",1,1,1,"Sheila Andrade and Kelsey Neam",2020
"245",78910991,78911125,"Elachistocleis bicolor",6,1,1,"Kelsey Neam",2020
"246",79097817,79098032,"Microhyla ornata",1,1,1,"Janice Chanson",2021
"247",79097817,79098032,"Microhyla ornata",1,1,1,"Janice Chanson & Louise Hobin",2021
"248",79097817,79098032,"Microhyla ornata",1,1,1,"Lauren Warr",2021
"249",79098638,79098776,"Microhyla achatina",1,1,1,"IUCN",2017
"250",79098638,79098776,"Microhyla achatina",1,1,1,"Louise Hobin",2017
"251",79130343,79130281,"Rhombophryne serratopalpebrosa",1,1,1,"Jennifer Luedtke",2015
"252",84159360,6937,"Dyscophus antongilii",1,1,1,"Louise Hobin",2016
"253",84178035,57675,"Anodonthyla montana",1,1,1,"IUCN",2015
"254",84178162,57677,"Anodonthyla rouxae",1,1,1,"IUCN",2015
"255",84178347,57792,"Cophyla phyllodactyla",1,1,1,"IUCN",2015
"256",84178347,57792,"Cophyla phyllodactyla",1,1,1,"Jennifer Luedtke",2015
"257",84178457,57805,"Dyscophus guineti",1,1,1,"IUCN",2015
"258",84178647,57806,"Dyscophus insularis",1,1,1,"IUCN",2015
"259",84178804,57867,"Madecassophryne truebae",1,1,1,"Jennifer Luedtke",2015
"260",84178939,57945,"Paradoxophyla palmata",1,1,1,"IUCN",2015
"261",84179073,57954,"Platypelis alticola",1,1,1,"IUCN",2008
"262",84179208,57955,"Platypelis barbouri",1,1,1,"IUCN",2008
"263",84179422,57957,"Platypelis grandis",1,1,1,"IUCN",2008
"264",84179558,57958,"Platypelis mavomavo",1,1,1,"IUCN",2008
"265",84179671,57959,"Platypelis milloti",1,1,1,"IUCN",2008
"266",84179827,57960,"Cophyla occultans",1,1,1,"IUCN",2015
"267",84179827,57960,"Cophyla occultans",1,1,1,"Jennifer Luedtke",2015
"268",84179970,57962,"Platypelis tetra",1,1,1,"IUCN",2008
"269",84180205,57964,"Platypelis tuberifera",1,1,1,"IUCN",2008
"270",84180346,57965,"Plethodontohyla alluaudi",1,1,1,"IUCN",2015
"271",84180481,57967,"Plethodontohyla bipunctata",1,1,1,"IUCN",2015
"272",84180615,57968,"Plethodontohyla brevipes",1,1,1,"Jennifer Luedtke",2015
"273",84180747,57969,"Rhombophryne coronata",1,1,1,"Jennifer Luedtke",2015
"274",84180885,57970,"Rhombophryne coudreaui",1,1,1,"IUCN",2015
"275",84181159,57972,"Plethodontohyla inguinalis",1,1,1,"IUCN",2015
"276",84181290,57973,"Rhombophryne laevipes",1,1,1,"IUCN",2015
"277",84181433,57974,"Plethodontohyla mihanika",1,1,1,"IUCN",2015
"278",84181573,57976,"Plethodontohyla notosticta",1,1,1,"IUCN",2015
"279",84181573,57976,"Plethodontohyla notosticta",1,1,1,"Louise Hobin",2015
"280",84181722,57977,"Plethodontohyla ocellata",1,1,1,"IUCN",2015
"281",84181851,57979,"Plethodontohyla tuberata",1,1,1,"IUCN",2015
"282",84182091,57995,"Scaphiophryne boribory",1,1,1,"IUCN",2016
"283",84182091,57995,"Scaphiophryne boribory",1,1,1,"Louise Hobin",2016
"284",84182251,57996,"Scaphiophryne brevis",1,1,1,"IUCN",2015
"285",84182354,57997,"Scaphiophryne calcarata",1,1,1,"IUCN",2008
"286",84182354,57997,"Scaphiophryne calcarata",1,1,1,"Louise Hobin",2015
"287",84182454,57998,"Scaphiophryne gottlebei",1,1,1,"IUCN",2016
"288",84182651,57999,"Scaphiophryne madagascariensis",1,1,1,"IUCN",2015
"289",84182769,58000,"Scaphiophryne marmorata",1,1,1,"IUCN",2015
"290",84182959,58002,"Scaphiophryne spinosa",1,1,1,"IUCN",2015
"291",84183101,58008,"Stumpffia gimmeli",1,1,1,"IUCN",2015
"292",84183101,58008,"Stumpffia gimmeli",1,1,1,"IUCN",2015
"293",84183186,58009,"Stumpffia grandis",1,1,1,"IUCN",2015
"294",84183331,58010,"Anilany helenae",1,1,1,"Louise Hobin",2015
"295",84183445,58012,"Stumpffia pygmaea",1,1,1,"IUCN",2015
"296",84183573,58013,"Stumpffia roseifemoralis",1,1,1,"Louise Hobin",2015
"297",84183710,58014,"Stumpffia tetradactyla",1,1,1,"IUCN",2008
"298",84183848,58015,"Stumpffia tridactyla",1,1,1,"IUCN",2008
"299",84184167,61859,"Scaphiophryne menabensis",1,1,1,"IUCN",2016
"300",84185233,136176,"Paradoxophyla tiarano",1,1,1,"IUCN",2015
"301",84185510,79788927,"Cophyla maharipeo",1,1,1,"Louise Hobin",2015
"302",84185515,79788960,"Cophyla noromalalae",1,1,1,"IUCN",2015
"303",84185520,79789021,"Cophyla puellarum",1,1,1,"Mark D. Scherz",2015
"304",85901309,58018,"Synapturanus salseri",1,1,1,"Kelsey Neam",2021
"305",85901422,58017,"Synapturanus rabus",1,1,1,"Kelsey Neam",2017
"306",85902136,58016,"Synapturanus mirandaribeiroi",1,1,1,"Kelsey Neam",2021
"307",85903599,57937,"Otophryne pyburni",1,1,1,"Kelsey Neam",2021
"308",85903599,57937,"Otophryne pyburni",6,1,1,"Kelsey Neam",2021
"309",85904201,57821,"Hamptophryne boliviana",1,1,1,"Kelsey Neam",2021
"310",85904325,57802,"Ctenophryne minor",1,1,1,"Kelsey Neam",2019
"311",85904396,57801,"Ctenophryne geayi",1,1,1,"Kelsey Neam",2021
"312",85905661,57751,"Chiasmocleis bassleri",1,1,1,"Kelsey Neam",2021
"313",85905768,57757,"Chiasmocleis hudsoni",1,1,1,"Kelsey Neam",2021
"314",86254787,78911222,"Elachistocleis magna",1,1,1,"Sheila Andrade",2020
"315",86255318,82484082,"Elachistocleis cesarii",1,1,1,"Sheila Andrade",2020
"316",86255763,78586372,"Stereocyclops palmipes",1,1,1,"Ibere Machado",2021
"317",86256124,78457527,"Chiasmocleis haddadi",1,1,1,"Kelsey Neam",2021
"318",86256124,78457527,"Chiasmocleis haddadi",3,1,1,"Kelsey Neam",2021
"319",86256129,78457623,"Chiasmocleis papachibe",1,1,1,"Ibere Machado",2021
"320",86256129,78457623,"Chiasmocleis papachibe",3,1,1,"Ibere Machado",2021
"321",86256134,78457733,"Chiasmocleis royi",1,1,1,"Kelsey Neam",2021
"322",86256139,78458631,"Chiasmocleis supercilialba",1,1,1,"Kelsey Neam",2021
"323",86256139,78458631,"Chiasmocleis supercilialba",3,1,1,"Kelsey Neam",2021
"324",86758190,57880,"Micryletta erythropoda",1,1,1,"Timothy Cutajar & Harry Leung",2020
"325",86758190,57880,"Micryletta erythropoda",3,1,1,"Timothy Cutajar & Harry Leung",2020
"326",86811081,61852,"Nanohyla nanapollexa",1,1,1,"Timothy Cutajar",2016
"327",86811081,61852,"Nanohyla nanapollexa",1,1,1,"Timothy Cutajar & Harry Leung",2020
"328",86811081,61852,"Nanohyla nanapollexa",3,1,1,"Timothy Cutajar & Harry Leung",2020
"329",86811081,61852,"Nanohyla nanapollexa",6,1,1,"Timothy Cutajar",2020
"330",86814925,57890,"Microhyla picta",1,1,1,"IUCN",2008
"331",86897600,18435489,"Elachistocleis carvalhoi",1,1,1,"Nieves Garcia",2021
"332",87897966,10634,"Stereocyclops histrio",1,1,1,"Nieves Garcia",2021
"333",89213629,57673,"Hamptophryne alios",1,1,1,"Kelsey Neam",2021
"334",89222587,185794,"Chiasmocleis devriesi",1,1,1,"Kelsey Neam",2017
"335",89873064,57887,"Microhyla palmipes",1,1,1,"IUCN",2018
"336",89873064,57887,"Microhyla palmipes",6,1,1,"Louise Hobin",2018
"337",90961057,57843,"Kalophrynus palmatissimus",1,1,1,"Louise Hobin",2018
"338",91600124,78584984,"Glyphoglossus capsus",1,1,1,"Kelsey Neam",2018
"339",91807830,61846,"Glyphoglossus minutus",1,1,1,"IUCN",2018
"340",91807830,61846,"Glyphoglossus minutus",1,1,1,"Louise Hobin",2018
"341",91875845,57846,"Kalophrynus robinsoni",1,1,1,"IUCN",2018
"342",91879626,57875,"Nanohyla annectens",1,1,1,"IUCN",2018
"343",91879626,57875,"Nanohyla annectens",1,1,1,"Louise Hobin",2018
"344",91903690,88137177,"Kalophrynus anya",1,1,1,"Chris Portway and Timothy Cutajar",2020
"345",92506692,57871,"Metaphrynella pollicaris",1,1,1,"Louise Hobin",2018
"346",92506692,57871,"Metaphrynella pollicaris",6,1,1,"Louise Hobin",2018
"347",95645860,57723,"Glyphoglossus brooksii",1,1,1,"IUCN",2018
"348",95645860,57723,"Glyphoglossus brooksii",1,1,1,"Kelsey Neam",2018
"349",95668053,57724,"Glyphoglossus flavus",1,1,1,"IUCN",2018
"350",95668053,57724,"Glyphoglossus flavus",1,1,1,"Kelsey Neam",2018
"351",95676801,57726,"Glyphoglossus smithi",1,1,1,"IUCN",2018
"352",95676801,57726,"Glyphoglossus smithi",1,1,1,"Kelsey Neam",2018
"353",95676801,57726,"Glyphoglossus smithi",4,1,1,"Kelsey Neam",2018
"354",95677445,57727,"Glyphoglossus volzi",1,1,1,"IUCN",2017
"355",95677445,57727,"Glyphoglossus volzi",1,1,1,"Kelsey Neam",2017
"356",96065366,57834,"Kalophrynus bunguranus",1,1,1,"IUCN",2017
"357",96300363,57929,"Oreophryne rookmaakeri",1,1,1,"Louise Hobin",2017
"358",96300363,57929,"Oreophryne rookmaakeri",6,1,1,"Louise Hobin",2017
"359",96301356,57936,"Oreophryne zimmeri",1,1,1,"Louise Hobin",2018
"360",98655926,57899,"Ctenophryne aequatorialis",1,1,1,"Kelsey Neam",2021
"361",99930537,57749,"Chiasmocleis anatipes",1,1,1,"Kelsey Neam",2017
"362",99930537,57749,"Chiasmocleis anatipes",6,1,1,"Kelsey Neam",2017
"363",100339932,100339930,"Rhombophryne botabota",1,1,1,"Louise Hobin",2016
"364",100339947,100339944,"Rhombophryne savaka",1,1,1,"Louise Hobin",2016
"365",101434837,57804,"Dermatonotus muelleri",1,1,1,"Sheila Andrade and IUCN",2020
"366",101434837,57804,"Dermatonotus muelleri",6,1,1,"Sheila Andrade",2020
"367",101434988,57811,"Elachistocleis skotogaster",1,1,1,"Kelsey Neam",2018
"368",109540972,57660,"Adelastes hylonomos",1,1,1,"Kelsey Neam",2021
"369",109541083,57812,"Elachistocleis surinamensis",1,1,1,"IUCN",2017
"370",109541202,57938,"Otophryne robusta",1,1,1,"Nieves Garcia",2020
"371",109541321,57939,"Otophryne steyermarki",1,1,1,"Nieves Garcia",2020
"372",112681869,112681867,"Oreophryne anser",1,1,1,"Lauren Warr",2019
"373",112681980,112681978,"Oreophryne aurora",1,1,1,"Lauren Warr",2019
"374",112682057,112682055,"Oreophryne banshee",1,1,1,"Lauren Warr",2019
"375",112682095,112682074,"Oreophryne equus",1,1,1,"Louise Hobin",2019
"376",112682121,112682111,"Oreophryne lemur",1,1,1,"Louise Hobin",2019
"377",112682183,112682140,"Oreophryne matawan",1,1,1,"Louise Hobin",2019
"378",112683315,112683307,"Oreophryne meliades",1,1,1,"Louise Hobin",2019
"379",112683315,112683307,"Oreophryne meliades",3,1,1,"Louise Hobin",2019
"380",112683372,112683348,"Oreophryne penelopeia",1,1,1,"Louise Hobin",2019
"381",112683497,112683493,"Oreophryne philosylleptoris",1,1,1,"Louise Hobin",2019
"382",112683619,112683609,"Oreophryne picticrus",1,1,1,"Louise Hobin",2019
"383",112683692,112683667,"Oreophryne flavomaculata",1,1,1,"Lauren Warr",2019
"384",112683947,112683940,"Oreophryne choerophrynoides",1,1,1,"Louise Hobin",2019
"385",112684057,112684052,"Oreophryne pseudunicolor",1,1,1,"Lauren Warr",2019
"386",113539131,57763,"Chiasmocleis shudikarensis",1,1,1,"Kelsey Neam",2021
"387",113887836,113887829,"Mantophryne insignis",1,1,1,"Louise Hobin",2019
"388",114115559,114115409,"Kalophrynus meizon",1,1,1,"Kelsey Neam",2018
"389",114115559,114115409,"Kalophrynus meizon",1,1,1,"Kelsey Neam",2018
"390",114115559,114115409,"Kalophrynus meizon",6,1,1,"Kelsey Neam",2018
"391",114139176,114139166,"Chiasmocleis migueli",1,1,1,"Sheila Andrade",2021
"392",114139321,114139318,"Chiasmocleis quilombola",1,1,1,"Ibere Machado",2021
"393",114139372,114139350,"Chiasmocleis altomontana",1,1,1,"Ibere Machado",2021
"394",114139372,114139350,"Chiasmocleis altomontana",3,1,1,"Ibere Machado",2021
"395",114139420,114139380,"Chiasmocleis veracruz",1,1,1,"Gabryella Mesquita",2021
"396",114516634,57853,"Kaloula mediolineata",1,1,1,"Jordann Crawford-Ash",2018
"397",114516634,57853,"Kaloula mediolineata",3,1,1,"Jordann Crawford-Ash",2018
"398",114915125,57854,"Kaloula picta",1,1,1,"IUCN",2017
"399",114915125,57854,"Kaloula picta",1,1,1,"Kelsey Neam",2017
"400",114919098,57836,"Kalophrynus heterochirus",1,1,1,"IUCN",2018
"401",114919098,57836,"Kalophrynus heterochirus",1,1,1,"Kelsey Neam",2018
"402",114919098,57836,"Kalophrynus heterochirus",1,1,1,"Louise Hobin",2018
"403",114919290,57840,"Kalophrynus minusculus",1,1,1,"IUCN",2018
"404",114919580,57888,"Nanohyla perparva",1,1,1,"IUCN",2018
"405",114919580,57888,"Nanohyla perparva",1,1,1,"Kelsey Neam",2018
"406",114919677,57909,"Oreophryne celebensis",1,1,1,"IUCN",2017
"407",114919788,57919,"Oreophryne jeffersoniana",1,1,1,"IUCN",2017
"408",114919880,57925,"Oreophryne monticola",1,1,1,"IUCN",2017
"409",114919983,57932,"Oreophryne variabilis",1,1,1,"IUCN",2017
"410",114926455,79098509,"Microhyla orientalis",1,1,1,"Louise Hobin",2017
"411",116009717,136107,"Kaloula aureata",1,1,1,"Timothy Cutajar",2020
"412",117297620,57820,"Glyphoglossus molossus",1,1,1,"Timothy Cutajar and Christopher Portway",2020
"413",123411320,88332834,"Kalophrynus calciphilus",1,1,1,"Louise Hobin",2018
"414",123576912,88333681,"Kalophrynus punctatus",1,1,1,"IUCN",2008
"415",123692711,57818,"Gastrophrynoides borneensis",1,1,1,"IUCN",2018
"416",123692711,57818,"Gastrophrynoides borneensis",1,1,1,"Kelsey Neam",2018
"417",123692988,57884,"Microhyla maculifera",1,1,1,"Kelsey Neam",2018
"418",123692988,57884,"Microhyla maculifera",3,1,1,"Kelsey Neam",2018
"419",124372878,154030581,"Chiasmocleis albopunctata",1,1,1,"Kelsey Neam",2021
"420",136926605,136926534,"Asterophrys foja",1,1,1,"Louise Hobin",2019
"421",136928206,136928157,"Austrochaperina punctata",1,1,1,"Louise Hobin",2019
"422",136928328,136928237,"Austrochaperina rudolfarndti",1,1,1,"Louise Hobin",2019
"423",136930484,136930471,"Choerophryne alainduboisi",1,1,1,"Louise Hobin",2019
"424",136930561,136930545,"Choerophryne bickfordi",1,1,1,"Louise Hobin",2019
"425",136930684,136930614,"Choerophryne bisyllaba",1,1,1,"Louise Hobin",2019
"426",136930739,136930735,"Choerophryne crucifer",1,1,1,"Louise Hobin",2019
"427",136930873,136930797,"Choerophryne multisyllaba",1,1,1,"Louise Hobin",2019
"428",136930960,136930941,"Choerophryne pipiens",1,1,1,"Louise Hobin",2019
"429",136931058,136928450,"Austrochaperina macrorhyncha",1,1,1,"Louise Hobin",2019
"430",136935394,136935374,"Oreophryne albitympanum",1,1,1,"Louise Hobin",2019
"431",136935546,136935497,"Oreophryne brunnea",1,1,1,"Lauren Warr",2019
"432",136935546,136935497,"Oreophryne brunnea",3,1,1,"Lauren Warr",2019
"433",136935557,136935554,"Oreophryne phoebe",1,1,1,"Louise Hobin",2019
"434",136936142,136936127,"Paedophryne titan",1,1,1,"Lauren Warr",2020
"435",149549356,57678,"Aphantophryne minuta",1,1,1,"IUCN",2019
"436",149551363,57679,"Aphantophryne pansa",1,1,1,"IUCN",2019
"437",149551363,57679,"Aphantophryne pansa",1,1,1,"Louise Hobin",2019
"438",149610046,57680,"Aphantophryne sabini",1,1,1,"IUCN",2019
"439",149615640,57730,"Callulops boettgeri",1,1,1,"IUCN",2019
"440",149617035,57733,"Callulops dubius",1,1,1,"IUCN",2019
"441",149618144,57735,"Callulops fuscus",1,1,1,"IUCN",2019
"442",149634654,57913,"Oreophryne frontifasciata",1,1,1,"IUCN",2019
"443",149635511,57924,"Oreophryne moluccensis",1,1,1,"IUCN",2019
"444",149680186,149680126,"Mysticellus franki",1,1,1,"Janice Chanson",2021
"445",150067198,149237705,"Microhyla beilunensis",1,1,1,"Lauren Warr",2019
"446",150088452,150088447,"Microhyla darreli",1,1,1,"Lauren Warr",2020
"447",150088465,150088460,"Microhyla aurantiventris",1,1,1,"Timothy Cutajar and Harry Leung",2020
"448",150088651,150088646,"Microhyla kodial",1,3,1,"Louise Hobin",2021
"449",150088664,150088659,"Microhyla laterite",1,1,1,"Janice Chanson",2020
"450",150088679,150088672,"Microhyla mihintalei",1,1,1,"Lauren Warr",2020
"451",150088694,150088689,"Microhyla taraiensis",1,1,1,"Louise Hobin",2020
"452",150088723,150088702,"Microhyla rubra",1,1,1,"Louise Hobin",2021
"453",150088723,150088702,"Microhyla rubra",6,1,1,"Louise Hobin",2021
"454",150499177,57682,"Asterophrys leucopus",1,1,1,"Louise Hobin",2019
"455",150627491,136020,"Asterophrys pullifer",1,1,1,"IUCN",2019
"456",150631287,57683,"Asterophrys turpicola",1,1,1,"Louise Hobin",2019
"457",150973272,152524589,"Cophixalus verrucosus",1,1,1,"IUCN",2019
"458",150973272,152524589,"Cophixalus verrucosus",1,1,1,"Louise Hobin",2019
"459",150992364,57794,"Copiula fistulans",1,1,1,"IUCN",2019
"460",150992364,57794,"Copiula fistulans",1,1,1,"Louise Hobin",2019
"461",150997620,57798,"Copiula oxyrhina",1,1,1,"IUCN",2019
"462",150997620,57798,"Copiula oxyrhina",6,1,1,"Louise Hobin",2019
"463",150997620,57798,"Copiula oxyrhina",6,1,1,"Louise Hobin",2019
"464",150997620,57798,"Copiula oxyrhina",6,1,1,"Louise Hobin",2019
"465",151096584,58042,"Xenorhina adisca",1,1,1,"IUCN",2019
"466",151098025,58024,"Xenorhina anorbis",1,1,1,"IUCN",2019
"467",151108085,58025,"Xenorhina arfakiana",1,1,1,"IUCN",2019
"468",151109469,58026,"Xenorhina bidens",1,1,1,"IUCN",2019
"469",151112837,58044,"Xenorhina bouwensi",1,1,1,"IUCN",2019
"470",151115495,58045,"Xenorhina eiponis",1,1,1,"IUCN",2019
"471",151117735,58028,"Xenorhina gigantea",1,1,1,"IUCN",2019
"472",151210799,57784,"Cophixalus pulchellus",1,1,1,"IUCN",2019
"473",151222464,57698,"Austrochaperina parkeri",1,1,1,"IUCN",2019
"474",151274438,57699,"Austrochaperina polysticta",1,1,1,"IUCN",2019
"475",151282181,57700,"Copiula rivularis",1,1,1,"IUCN",2019
"476",151322623,57701,"Austrochaperina septentrionalis",1,1,1,"Lauren Warr",2019
"477",151323668,57702,"Austrochaperina yelaensis",1,1,1,"Louise Hobin",2019
"478",151323668,57702,"Austrochaperina yelaensis",1,1,1,"Louise Hobin",2019
"479",151324979,57704,"Barygenys atra",1,1,1,"IUCN",2019
"480",151325709,57705,"Barygenys cheesmanae",1,1,1,"IUCN",2019
"481",151330017,57707,"Barygenys flavigularis",1,1,1,"IUCN",2019
"482",151345487,57708,"Barygenys maculata",1,1,1,"IUCN",2019
"483",151346198,57709,"Barygenys nana",1,1,1,"IUCN",2019
"484",151348136,135730,"Cophixalus timidus",1,1,1,"IUCN",2019
"485",151349105,136120,"Cophixalus variabilis",1,1,1,"Louise Hobin",2019
"486",151350516,57790,"Cophixalus verecundus",1,1,1,"IUCN",2019
"487",151638732,57688,"Austrochaperina blumi",1,1,1,"IUCN",2019
"488",151644361,57687,"Austrochaperina basipalmata",1,1,1,"Louise Hobin",2019
"489",151644599,57690,"Copiula derongo",1,1,1,"IUCN",2019
"490",151644721,57693,"Austrochaperina kosarek",1,1,1,"IUCN",2019
"491",151644896,190983,"Austrochaperina minutissima",1,1,1,"Philip Bowles",2019
"492",151645183,57740,"Callulops personatus",1,1,1,"Louise Hobin",2019
"493",151645183,57740,"Callulops personatus",3,1,1,"Louise Hobin",2019
"494",151686671,57666,"Choerophryne laurini",1,1,1,"IUCN",2019
"495",151686671,57666,"Choerophryne laurini",1,1,1,"Louise Hobin",2019
"496",151690260,57767,"Choerophryne proboscidea",1,1,1,"Louise Hobin",2019
"497",151696512,57672,"Choerophryne variegata",1,1,1,"Louise Hobin",2019
"498",151697794,57772,"Cophixalus balbus",1,1,1,"IUCN",2019
"499",151697794,57772,"Cophixalus balbus",1,1,1,"Lauren Warr",2019
"500",151697794,57772,"Cophixalus balbus",1,1,1,"Louise Hobin",2019
"501",151697794,57772,"Cophixalus balbus",1,1,1,"Louise Hobin",2019
"502",151699210,57774,"Cophixalus biroi",1,1,1,"Sean Lyon",2019
"503",151699908,135734,"Cophixalus humicola",1,1,1,"IUCN",2019
"504",151847877,57868,"Hylophorbus infulatus",1,1,1,"Louise Hobin",2019
"505",151924312,57789,"Cophixalus tetzlaffi",1,1,1,"IUCN",2019
"506",151925210,135780,"Cophixalus tridactylus",1,1,1,"IUCN",2019
"507",151926617,57793,"Copiula exspectata",1,1,1,"IUCN",2019
"508",151928039,57795,"Copiula major",1,1,1,"IUCN",2019
"509",151928573,57797,"Copiula obsti",1,1,1,"IUCN",2019
"510",151929452,57799,"Copiula pipiens",1,1,1,"IUCN",2019
"511",151929452,57799,"Copiula pipiens",1,1,1,"Louise Hobin",2019
"512",152167035,57800,"Copiula tyleri",1,1,1,"Lauren Warr",2019
"513",152168388,57775,"Cophixalus cheesmanae",1,1,1,"Lauren Warr",2019
"514",152306807,57826,"Hylophorbus richardsi",1,1,1,"Lauren Warr",2019
"515",152307614,57824,"Hylophorbus nigrinus",1,1,1,"IUCN",2019
"516",152342346,152342322,"Cophixalus cateae",1,1,1,"Louise Hobin",2019
"517",152342346,152342322,"Cophixalus cateae",3,1,1,"Louise Hobin",2019
"518",152342467,152342422,"Cophixalus hannahae",1,1,1,"Louise Hobin",2019
"519",152342819,152342769,"Oreophryne nicolasi",1,1,1,"Louise Hobin",2019
"520",152343268,152343209,"Callulops argus",1,1,1,"Louise Hobin",2019
"521",152343359,152343348,"Callulops bicolor",1,1,1,"Lauren Warr",2019
"522",152343359,152343348,"Callulops bicolor",1,1,1,"Louise Hobin",2019
"523",152343359,152343348,"Callulops bicolor",3,1,1,"Lauren Warr",2019
"524",152343400,152343381,"Callulops stellatus",1,1,1,"Louise Hobin",2019
"525",152343437,152343432,"Callulops taxispilotus",1,1,1,"Louise Hobin",2019
"526",152343574,152343499,"Callulops neuhaussi",1,1,1,"Louise Hobin",2019
"527",152343920,152343599,"Callulops doriae",1,1,1,"Louise Hobin",2019
"528",152354391,57825,"Hylophorbus picoides",1,1,1,"IUCN",2019
"529",152357424,136011,"Hylophorbus rainerguentheri",1,1,1,"IUCN",2019
"530",152357424,136011,"Hylophorbus rainerguentheri",3,1,1,"Louise Hobin",2019
"531",152366989,57828,"Hylophorbus sextus",1,1,1,"IUCN",2019
"532",152366989,57828,"Hylophorbus sextus",1,1,1,"Louise Hobin",2019
"533",152368346,57829,"Hylophorbus tetraphonus",1,1,1,"IUCN",2019
"534",152368346,57829,"Hylophorbus tetraphonus",1,1,1,"Louise Hobin",2019
"535",152387910,57830,"Hylophorbus wondiwoi",1,1,1,"IUCN",2019
"536",152443707,57870,"Mantophryne louisiadensis",1,1,1,"IUCN",2019
"537",152449264,57947,"Mantophryne menziesi",1,1,1,"Louise Hobin",2019
"538",152524359,152524131,"Cophixalus ateles",1,1,1,"Louise Hobin",2019
"539",152534922,57744,"Callulops stictogaster",1,1,1,"Sean Lyon",2019
"540",152542831,57745,"Callulops wilhelmanus",1,1,1,"Sean Lyon",2019
"541",152543863,57765,"Choerophryne allisoni",1,1,1,"Louise Hobin",2019
"542",152547768,57661,"Choerophryne brunhildae",1,1,1,"Louise Hobin",2019
"543",152547842,57662,"Choerophryne darlingtoni",1,1,1,"Louise Hobin",2019
"544",152547928,57663,"Choerophryne fafniri",1,1,1,"IUCN",2019
"545",152547928,57663,"Choerophryne fafniri",1,1,1,"Louise Hobin",2019
"546",152548010,57664,"Choerophryne gudrunae",1,1,1,"Louise Hobin",2019
"547",152548084,57665,"Choerophryne gunnari",1,1,1,"IUCN",2015
"548",152548084,57665,"Choerophryne gunnari",1,1,1,"Lauren Warr",2019
"549",152548084,57665,"Choerophryne gunnari",3,1,1,"Lauren Warr",2019
"550",152548161,57667,"Choerophryne rhenaurum",1,1,1,"Sean Lyon",2019
"551",152548240,57669,"Choerophryne swanhildae",1,1,1,"Sean Lyon",2019
"552",152548313,170913775,"Choerophryne tubercula",1,1,1,"Lauren Warr",2019
"553",152548313,170913775,"Choerophryne tubercula",6,1,1,"IUCN",2019
"554",152548390,57671,"Choerophryne valkuriarum",1,1,1,"Sean Lyon",2019
"555",152548492,57685,"Austrochaperina aquilonia",1,1,1,"Louise Hobin",2019
"556",152548492,57685,"Austrochaperina aquilonia",3,1,1,"Louise Hobin",2019
"557",152548564,57686,"Austrochaperina archboldi",1,1,1,"IUCN",2019
"558",152548637,57689,"Austrochaperina brevipes",1,1,1,"IUCN",2019
"559",152548703,57691,"Copiula guttata",1,1,1,"IUCN",2019
"560",152548793,57692,"Austrochaperina hooglandi",1,1,1,"IUCN",2019
"561",152548931,57695,"Austrochaperina mehelyi",1,1,1,"Louise Hobin",2019
"562",152549011,57697,"Austrochaperina palmipes",1,1,1,"Sean Lyon",2019
"563",152549011,57697,"Austrochaperina palmipes",1,1,1,"Sean Lyon",2019
"564",152549011,57697,"Austrochaperina palmipes",1,1,1,"Sean Lyon",2019
"565",152549011,57697,"Austrochaperina palmipes",1,1,1,"Sean Lyon",2019
"566",152549093,57731,"Callulops comptus",1,1,1,"Sean Lyon",2019
"567",152549249,57736,"Callulops glandulosus",1,1,1,"IUCN",2019
"568",152549249,57736,"Callulops glandulosus",1,1,1,"Louise Hobin",2019
"569",152549331,57737,"Callulops humicola",1,1,1,"Sean Lyon",2019
"570",152549419,57739,"Callulops marmoratus",1,1,1,"Louise Hobin",2019
"571",152549419,57739,"Callulops marmoratus",6,1,1,"Louise Hobin",2019
"572",152549500,57742,"Callulops sagittatus",1,1,1,"Louise Hobin",2019
"573",152549650,57768,"Choerophryne rostellifer",1,1,1,"Louise Hobin",2019
"574",152549814,57773,"Cophixalus bewaniensis",1,1,1,"IUCN",2019
"575",152549880,57776,"Cophixalus cryptotympanum",1,1,1,"Lauren Warr",2019
"576",152549880,57776,"Cophixalus cryptotympanum",3,1,1,"Lauren Warr",2019
"577",152549959,57777,"Cophixalus daymani",1,1,1,"IUCN",2008
"578",152550027,57778,"Cophixalus kaindiensis",1,1,1,"Louise Hobin",2019
"579",152550118,57782,"Cophixalus parkeri",1,1,1,"Sean Lyon",2019
"580",152550191,57783,"Cophixalus pipilans",1,1,1,"Louise Hobin",2019
"581",152550259,57785,"Cophixalus riparius",1,1,1,"Sean Lyon",2019
"582",152550325,57786,"Cophixalus shellyi",1,1,1,"Sean Lyon",2019
"583",152550403,57787,"Cophixalus sphagnicola",1,1,1,"Louise Hobin",2019
"584",152550483,57788,"Cophixalus tagulensis",1,1,1,"Louise Hobin",2019
"585",152550637,57819,"Sphenophryne thomsoni",1,1,1,"IUCN",2019
"586",152550637,57819,"Sphenophryne thomsoni",1,1,1,"IUCN",2019
"587",152550637,57819,"Sphenophryne thomsoni",1,1,1,"Lauren Warr",2019
"588",152550637,57819,"Sphenophryne thomsoni",1,1,1,"Louise Hobin",2019
"589",152550734,57827,"Hylophorbus rufescens",1,1,1,"Louise Hobin",2019
"590",152550815,57861,"Sphenophryne allisoni",1,1,1,"Lauren Warr & Louise Hobin",2019
"591",152550894,57862,"Sphenophryne dentata",1,1,1,"Lauren Warr",2019
"592",152550894,57862,"Sphenophryne dentata",1,1,1,"Louise Hobin",2019
"593",152550961,57863,"Sphenophryne rhododactyla",1,1,1,"Lauren Warr",2019
"594",152551042,57864,"Sphenophryne rubra",1,1,1,"Lauren Warr",2019
"595",152551111,57865,"Sphenophryne schlaginhaufeni",1,1,1,"Louise Hobin",2019
"596",152551202,57866,"Sphenophryne similis",1,1,1,"IUCN",2019
"597",152551270,57869,"Mantophryne lateralis",1,1,1,"IUCN",2019
"598",152551270,57869,"Mantophryne lateralis",1,1,1,"IUCN",2019
"599",152551358,57901,"Oreophryne albopunctata",1,1,1,"Louise Hobin",2019
"600",152551447,57902,"Oreophryne anthonyi",1,1,1,"IUCN",2019
"601",152551513,57904,"Oreophryne asplenicola",1,1,1,"IUCN",2019
"602",152551592,57905,"Oreophryne atrigularis",1,1,1,"IUCN",2019
"603",152551683,57906,"Oreophryne biroi",1,1,1,"IUCN",2019
"604",152551761,57907,"Oreophryne brachypus",1,1,1,"Lauren Warr",2019
"605",152551844,57908,"Oreophryne brevicrus",1,1,1,"IUCN",2019
"606",152551844,57908,"Oreophryne brevicrus",1,1,1,"IUCN",2019
"607",152551911,57910,"Oreophryne clamata",1,1,1,"IUCN",2019
"608",152551986,57911,"Oreophryne crucifer",1,1,1,"Louise Hobin",2019
"609",152552064,57912,"Oreophryne flava",1,1,1,"Louise Hobin",2019
"610",152552144,57914,"Oreophryne geislerorum",1,1,1,"Lauren Warr",2019
"611",152552233,57915,"Oreophryne hypsiops",1,1,1,"IUCN",2019
"612",152552310,57916,"Oreophryne idenburgensis",1,1,1,"Louise Hobin",2019
"613",152552388,57917,"Oreophryne inornata",1,1,1,"Lauren Warr",2019
"614",152552388,57917,"Oreophryne inornata",3,1,1,"Lauren Warr & Louise Hobin",2019
"615",152552566,57920,"Oreophryne kampeni",1,1,1,"IUCN",2019
"616",152552632,57921,"Oreophryne kapisa",1,1,1,"IUCN",2019
"617",152552716,57922,"Oreophryne loriae",1,1,1,"Lauren Warr",2019
"618",152552788,57923,"Oreophryne minuta",1,1,1,"Louise Hobin",2019
"619",152552877,57926,"Oreophryne notata",1,1,1,"IUCN",2019
"620",152552877,57926,"Oreophryne notata",6,1,1,"IUCN",2019
"621",152552960,57928,"Oreophryne pseudasplenicola",1,1,1,"IUCN",2019
"622",152553038,57930,"Oreophryne sibilans",1,1,1,"IUCN",2019
"623",152553113,57931,"Oreophryne unicolor",1,1,1,"IUCN",2019
"624",152553113,57931,"Oreophryne unicolor",1,1,1,"Louise Hobin",2019
"625",152553189,57933,"Oreophryne waira",1,1,1,"IUCN",2019
"626",152553273,57934,"Oreophryne wapoga",1,1,1,"IUCN",2019
"627",152553273,57934,"Oreophryne wapoga",1,1,1,"Lauren Warr",2019
"628",152553426,57940,"Sphenophryne alpestris",1,1,1,"Sean Lyon",2019
"629",152553499,57941,"Sphenophryne brevicrus",1,1,1,"Lauren Warr",2019
"630",152553576,57942,"Sphenophryne coggeri",1,1,1,"IUCN",2019
"631",152553642,57943,"Sphenophryne crassa",1,1,1,"IUCN",2019
"632",152553721,57944,"Sphenophryne stenodactyla",1,1,1,"Lauren Warr",2019
"633",152553798,58005,"Sphenophryne cornuta",1,1,1,"IUCN",2019
"634",152553887,58027,"Xenorhina fuscigula",1,1,1,"Sean Lyon",2019
"635",152553954,58029,"Xenorhina huon",1,1,1,"IUCN",2019
"636",152554022,58030,"Xenorhina macrops",1,1,1,"Sean Lyon",2019
"637",152554097,58031,"Xenorhina mehelyi",1,1,1,"IUCN",2019
"638",152554180,58032,"Xenorhina multisica",1,1,1,"IUCN",2019
"639",152554264,58033,"Xenorhina obesa",1,1,1,"IUCN",2019
"640",152554335,58034,"Xenorhina ocellata",1,1,1,"IUCN",2019
"641",152554412,58035,"Xenorhina ophiodon",1,1,1,"IUCN",2019
"642",152554497,58036,"Xenorhina rostrata",1,1,1,"Sean Lyon",2019
"643",152554584,58037,"Xenorhina scheepstrai",1,1,1,"IUCN",2019
"644",152554676,58038,"Xenorhina schiefenhoeveli",1,1,1,"IUCN",2019
"645",152554759,58039,"Xenorhina subcrocea",1,1,1,"IUCN",2019
"646",152554849,58040,"Xenorhina tumulus",1,1,1,"Lauren Warr",2019
"647",152554930,58041,"Xenorhina zweifeli",1,1,1,"IUCN",2019
"648",152554996,58043,"Xenorhina arboricola",1,1,1,"IUCN",2019
"649",152554996,58043,"Xenorhina arboricola",1,1,1,"Louise Hobin",2019
"650",152555076,58046,"Xenorhina minima",1,1,1,"Louise Hobin",2019
"651",152555151,58047,"Xenorhina oxycephala",1,1,1,"IUCN",2019
"652",152555240,58048,"Xenorhina parkerorum",1,1,1,"IUCN",2019
"653",152555326,58049,"Xenorhina similis",1,1,1,"IUCN",2019
"654",152556837,61843,"Choerophryne exclamitans",1,1,1,"Louise Hobin",2019
"655",152556837,61843,"Choerophryne exclamitans",1,1,1,"Louise Hobin",2019
"656",152556837,61843,"Choerophryne exclamitans",3,1,1,"Louise Hobin",2019
"657",152556903,61844,"Choerophryne sanguinopicta",1,1,1,"IUCN",2019
"658",152556969,61854,"Oreophryne alticola",1,1,1,"IUCN",2019
"659",152557035,61855,"Oreophryne brevirostris",1,1,1,"IUCN",2019
"660",152557101,61856,"Oreophryne geminus",1,1,1,"IUCN",2019
"661",152557167,61857,"Oreophryne habbemensis",1,1,1,"IUCN",2019
"662",152557272,61858,"Oreophryne terrestris",1,1,1,"IUCN",2019
"663",152558099,135992,"Cophixalus misimae",1,1,1,"IUCN",2019
"664",152558099,135992,"Cophixalus misimae",1,1,1,"Louise Hobin",2019
"665",152558615,136077,"Xenorhina macrodisca",1,1,1,"IUCN",2019
"666",152558900,136121,"Xenorhina varia",1,1,1,"IUCN",2019
"667",152558994,136151,"Xenorhina lanthanites",1,1,1,"IUCN",2019
"668",152559228,136161,"Choerophryne burtoni",1,1,1,"Louise Hobin",2019
"669",152560069,89254299,"Cophixalus rajampatensis",1,1,1,"Louise Hobin",2019
"670",152560074,89254960,"Cophixalus salawatiensis",1,1,1,"Louise Hobin",2019
"671",152560079,89255631,"Choerophryne epirrhina",1,1,1,"Louise Hobin",2019
"672",152560084,89255717,"Choerophryne grylloides",1,1,1,"Louise Hobin",2019
"673",153631904,153631896,"Micryletta aishani",1,1,1,"Janice Chanson",2021
"674",153631904,153631896,"Micryletta aishani",1,1,1,"Janice Chanson",2021
"675",153631904,153631896,"Micryletta aishani",1,1,1,"Louise Hobin",2021
"676",153631904,153631896,"Micryletta aishani",1,1,1,"Louise Hobin",2021
"677",153631904,153631896,"Micryletta aishani",1,1,1,"Nieves Garcia",2021
"678",153631953,153631945,"Micryletta nigromaculata",1,1,1,"Timothy Cutajar & Christopher Portway",2020
"679",153631953,153631945,"Micryletta nigromaculata",3,1,1,"Timothy Cutajar & Christopher Portway",2020
"680",153632298,153632261,"Microhyla fodiens",1,1,1,"Timothy Cutajar",2020
"681",153632298,153632261,"Microhyla fodiens",3,1,1,"Timothy Cutajar",2020
"682",153632423,153632417,"Microhyla irrawaddy",1,1,1,"Timothy Cutajar",2020
"683",153632423,153632417,"Microhyla irrawaddy",3,1,1,"Timothy Cutajar",2020
"684",154030094,154030088,"Chiasmocleis parkeri",1,1,1,"Kelsey Neam",2021
"685",154030216,154030207,"Chiasmocleis bicegoi",1,1,1,"Gabryella Mesquita",2021
"686",154045893,154045888,"Elachistocleis corumbaensis",1,1,1,"Sheila Andrade",2020
"687",154045893,154045888,"Elachistocleis corumbaensis",3,1,1,"Ibere Machado",2021
"688",154338629,18435492,"Elachistocleis helianneae",1,1,1,"Kelsey Neam",2021
"689",154338629,18435492,"Elachistocleis helianneae",3,1,1,"Kelsey Neam",2021
"690",156578441,57858,"Uperodon taprobanicus",1,1,1,"Janice Chanson",2021
"691",156578570,57883,"Microhyla karunaratnei",1,1,1,"Lauren Warr",2020
"692",156578682,57895,"Microhyla zeylanica",1,1,1,"Lauren Warr",2020
"693",156578796,57988,"Uperodon nagaoi",1,1,1,"Lauren Warr",2020
"694",156578879,57989,"Uperodon obscurus",1,1,1,"Lauren Warr",2020
"695",156578985,57990,"Uperodon palmatus",1,1,1,"Lauren Warr",2020
"696",156579116,163971293,"Uperodon variegatus",1,1,1,"Janice Chanson",2020
"697",156579270,58023,"Uperodon systoma",1,1,1,"IUCN & Louise Hobin",2021
"698",156579270,58023,"Uperodon systoma",1,1,1,"Lauren Warr",2021
"699",156579270,58023,"Uperodon systoma",3,1,1,"IUCN & Louise Hobin",2021
"700",164390167,163971194,"Uperodon rohani",1,1,1,"Sean Lyon",2019
"701",166095464,13032,"Melanobatrachus indicus",1,1,1,"Louise Hobin",2020
"702",166097595,57842,"Kalophrynus orangensis",1,1,1,"Jennifer Luedtke & Louise Hobin",2020
"703",166097697,57879,"Microhyla chakrapanii",1,1,1,"Louise Hobin",2020
"704",166097697,57879,"Microhyla chakrapanii",1,1,1,"Nieves Garcia",2020
"705",166097783,57893,"Microhyla sholigari",1,1,1,"Janice Chanson & Louise Hobin",2021
"706",166097898,197661753,"Uperodon anamalaiensis",1,1,1,"IUCN",2021
"707",166097898,197661753,"Uperodon anamalaiensis",1,1,1,"Janice Chanson",2021
"708",166098068,57986,"Uperodon montanus",1,1,1,"Janice Chanson & Lauren Warr",2021
"709",166098189,57987,"Uperodon mormoratus",1,1,1,"Janice Chanson",2021
"710",166098334,57991,"Uperodon triangularis",1,1,1,"Janice Chanson",2021
"711",166098334,57991,"Uperodon triangularis",6,1,1,"Nieves Garcia",2021
"712",166098458,58022,"Uperodon globulosus",1,1,1,"Janice Chanson",2021
"713",166098458,58022,"Uperodon globulosus",1,1,1,"Nieves Garcia",2021
"714",166111992,61850,"Uperodon assamensis",1,1,1,"IUCN & Louise Hobin",2021
"715",166116658,79097534,"Microhyla mukhlesuri",1,1,1,"Louise Hobin",2021
"716",166116658,79097534,"Microhyla mukhlesuri",1,1,1,"Louise Hobin",2021
"717",166116658,79097534,"Microhyla mukhlesuri",1,1,1,"Nieves Garcia",2021
"718",166116658,79097534,"Microhyla mukhlesuri",1,1,1,"Nieves Garcia",2021
"719",166116658,79097534,"Microhyla mukhlesuri",1,1,1,"Nieves Garcia & Louise Hobin",2021
"720",166116663,79097757,"Microhyla mymensinghensis",1,1,1,"Louise Hobin",2021
"721",166116663,79097757,"Microhyla mymensinghensis",1,1,1,"Louise Hobin & Jennifer Luedtke",2021
"722",166116683,88127632,"Microhyla nilphamariensis",1,1,1,"Janice Chanson & Louise Hobin",2021
"723",166116683,88127632,"Microhyla nilphamariensis",1,1,1,"Louise Hobin",2021
"724",166116683,88127632,"Microhyla nilphamariensis",1,1,1,"Nieves Garcia",2021
"725",166116936,165116609,"Kaloula ghoshi",1,1,1,"Louise Hobin",2020
"726",167496358,112683854,"Oreophryne roedeli",1,1,1,"Louise Hobin",2019
"727",172194958,57760,"Chiasmocleis mehelyi",1,1,1,"Sheila Andrade",2020
"728",172195099,18435497,"Elachistocleis matogrosso",1,1,1,"Sheila Andrade",2021
"729",172230952,57681,"Arcovomer passarellii",1,1,1,"Gabryella Mesquita",2021
"730",172231095,57747,"Chiasmocleis alagoana",1,1,1,"Gabryella Mesquita",2021
"731",172231202,57750,"Chiasmocleis atlantica",1,1,1,"Gabryella Mesquita",2021
"732",172231317,57752,"Chiasmocleis capixaba",1,1,1,"Gabryella Mesquita",2021
"733",172231425,57753,"Chiasmocleis lacrimae",1,1,1,"Nieves Garcia",2021
"734",172231598,57755,"Chiasmocleis cordeiroi",1,1,1,"Gabryella Mesquita",2021
"735",172231686,57756,"Chiasmocleis crucis",1,1,1,"Gabryella Mesquita",2021
"736",172231783,57759,"Chiasmocleis leucosticta",1,1,1,"Nieves Garcia",2021
"737",172231940,57762,"Chiasmocleis schubarti",1,1,1,"Nieves Garcia",2021
"738",172232060,57803,"Dasypops schirchi",1,1,1,"Gabryella Mesquita",2021
"739",172232190,57808,"Elachistocleis erythrogaster",1,1,1,"Ibere Machado",2021
"740",172232190,57808,"Elachistocleis erythrogaster",3,1,1,"Ibere Machado",2021
"741",172232289,57898,"Myersiella microps",1,1,1,"Nieves Garcia",2021
"742",172232445,58006,"Stereocyclops incrassatus",1,1,1,"Nieves Garcia",2021
"743",172232445,58006,"Stereocyclops incrassatus",6,1,1,"Nieves Garcia",2021
"744",172232653,58007,"Stereocyclops parkeri",1,1,1,"Gabryella Mesquita",2021
"745",172235037,61848,"Chiasmocleis gnoma",1,1,1,"Gabryella Mesquita",2021
"746",172238097,136064,"Chiasmocleis mantiqueira",1,1,1,"Sheila Andrade",2020
"747",172238744,136127,"Chiasmocleis sapiranga",1,1,1,"Ibere Machado",2021
"748",172611211,164451067,"Siamophryne troglodytes",1,1,1,"Harry Leung and Timothy Cutajar",2020
"749",172611498,164451767,"Vietnamophryne inexpectata",1,1,1,"Timothy Cutajar & Christopher Portway",2020
"750",172611498,164451767,"Vietnamophryne inexpectata",3,1,1,"Timothy Cutajar & Christopher Portway",2020
"751",172647973,164451800,"Vietnamophryne occidentalis",1,1,1,"Timothy Cutajar & Christopher Portway",2020
"752",172647973,164451800,"Vietnamophryne occidentalis",3,1,1,"Timothy Cutajar & Christopher Portway",2020
"753",172650538,164451827,"Vietnamophryne orlovi",1,1,1,"Timothy Cutajar & Christopher Portway",2020
"754",172650538,164451827,"Vietnamophryne orlovi",3,1,1,"Timothy Cutajar & Christopher Portway",2020
"755",173865400,57754,"Chiasmocleis centralis",1,1,1,"Ibere Machado",2021
"756",173865400,57754,"Chiasmocleis centralis",6,1,1,"Ibere Machado",2021
"757",173865530,57810,"Elachistocleis piauiensis",1,1,1,"IUCN",2021
"758",173866292,18435486,"Elachistocleis bumbameuboi",1,1,1,"Nieves Garcia",2021
"759",176028367,136168,"Anodonthyla hutchisoni",1,1,1,"IUCN",2008
"760",176028647,190942,"Anodonthyla jeanbai",1,1,1,"Philip Bowles",2010
"761",176029112,190943,"Anodonthyla theoi",1,1,1,"Louise Hobin",2016
"762",176030045,190944,"Anodonthyla vallani",1,1,1,"Louise Hobin",2016
"763",176157828,136146,"Chiasmocleis magnova",1,1,1,"Kelsey Neam",2018
"764",176223024,78535878,"Platypelis karenae",1,1,1,"Louise Hobin",2015
"765",176223409,49570575,"Platypelis olgae",1,1,1,"Mark D. Scherz",2015
"766",176223831,57963,"Platypelis tsaratananaensis",1,1,1,"IUCN",2008
"767",176515027,79076151,"Kalophrynus barioensis",1,1,1,"Louise Hobin",2018
"768",176515396,57835,"Kalophrynus eok",1,1,1,"IUCN",2018
"769",176515890,57838,"Kalophrynus intermedius",1,1,1,"IUCN",2018
"770",176515890,57838,"Kalophrynus intermedius",1,1,1,"Kelsey Neam",2018
"771",176515890,57838,"Kalophrynus intermedius",1,1,1,"Louise Hobin",2018
"772",176529854,57847,"Kalophrynus subterrestris",1,1,1,"IUCN",2018
"773",176529854,57847,"Kalophrynus subterrestris",1,1,1,"Kelsey Neam",2018
"774",176530242,73727026,"Kaloula latidisca",1,1,1,"Louise Hobin",2018
"775",176530459,57856,"Kaloula rigida",1,1,1,"Kelsey Neam",2017
"776",176639987,57872,"Metaphrynella sundana",1,1,1,"IUCN",2018
"777",176639987,57872,"Metaphrynella sundana",1,1,1,"Kelsey Neam",2018
"778",176641420,57885,"Microhyla mixtura",1,1,1,"IUCN",2019
"779",176643127,57894,"Microhyla superciliaris",1,1,1,"IUCN",2018
"780",176643127,57894,"Microhyla superciliaris",1,1,1,"Kelsey Neam",2018
"781",176643127,57894,"Microhyla superciliaris",1,1,1,"Louise Hobin",2018
"782",176829017,57903,"Oreophryne anulata",1,1,1,"Kelsey Neam",2017
"783",176829536,26210,"Aphantophryne nana",1,1,1,"Kelsey Neam",2017
"784",177137394,57971,"Rhombophryne guentherpetersi",1,1,1,"Louise Hobin",2015
"785",177138164,85628040,"Rhombophryne longicrus",1,1,1,"Mark D. Scherz",2015
"786",177138489,49581455,"Rhombophryne matavy",1,1,1,"Louise Hobin",2015
"787",177138868,57975,"Rhombophryne minuta",1,1,1,"Louise Hobin",2015
"788",177139217,86466943,"Rhombophryne ornata",1,1,1,"Louise Hobin",2015
"789",177139480,86466968,"Rhombophryne tany",1,1,1,"Louise Hobin",2015
"790",177139734,57994,"Rhombophryne testudo",1,1,1,"IUCN",2015
"791",177140091,79130249,"Rhombophryne vaventy",1,1,1,"Jennifer Luedtke",2015
"792",177143897,78585464,"Scaphiophryne matsoko",1,1,1,"Jennifer Luedtke and Louise Hobin",2016
"793",177166318,79680099,"Stumpffia analamaina",1,1,1,"Louise Hobin",2015
"794",177166753,49583046,"Stumpffia be",1,1,1,"Louise Hobin",2015
"795",177167158,79680110,"Stumpffia kibomena",1,1,1,"Louise Hobin",2015
"796",177167826,49584796,"Stumpffia madagascariensis",1,1,1,"Louise Hobin",2015
"797",177168170,49585165,"Stumpffia megsoni",1,1,1,"Louise Hobin",2015
"798",177168567,49585498,"Stumpffia staffordi",1,1,1,"Louise Hobin",2015
"799",177216957,186881149,"Microhyla okinavensis",1,1,1,"IUCN",2020
"800",177216957,186881149,"Microhyla okinavensis",1,3,1,"IUCN",2020
"801",177216957,186881149,"Microhyla okinavensis",1,3,1,"IUCN",2020
"802",177497637,57813,"Gastrophryne carolinensis",1,1,1,"IUCN",2020
"803",177497637,57813,"Gastrophryne carolinensis",1,3,1,"IUCN",2020
"804",177497637,57813,"Gastrophryne carolinensis",1,3,1,"Kelsey Neam",2020
"805",181900364,181468707,"Microhyla eos",1,1,1,"Louise Hobin",2020
"806",184644269,158619,"Chiasmocleis avilapiresae",1,1,1,"Nieves Garcia",2021
"807",184644405,18435501,"Elachistocleis surumu",1,1,1,"Nieves Garcia",2021
"808",186881090,186881080,"Microhyla kuramotoi",1,1,1,"Janice Chanson",2020
"809",186881090,186881080,"Microhyla kuramotoi",1,3,1,"Janice Chanson",2020
"810",195587858,181113530,"Nanohyla marmorata",1,1,1,"Timothy Cutajar & Louise Hobin",2021
"811",198373401,197439881,"Hypopachus guancasco",1,1,1,"Kelsey Neam",2021
"812",198375232,197440245,"Hypopachus barberi",1,1,1,"IUCN",2021
"813",198375232,197440245,"Hypopachus barberi",1,1,1,"IUCN, Paulina Arias Caballero-CONABIO",2021
"814",198375232,197440245,"Hypopachus barberi",1,1,1,"Kelsey Neam",2021
"815",198375232,197440245,"Hypopachus barberi",1,1,1,"Kelsey Neam, Vladlen Henríquez and Francisco S. Álvarez",2021
"816",198375232,197440245,"Hypopachus barberi",1,1,1,"Vladlen Henríquez and Francisco S. Álvarez",2021
"817",202162712,202162704,"Kalophrynus kiewi",1,1,1,"Louise Hobin",2021
"818",202162712,202162704,"Kalophrynus kiewi",6,1,1,"Louise Hobin",2021
"819",205483524,57758,"Chiasmocleis jimi",1,1,1,"Tatianne Abreu-Jardim",2021
"820",205873410,57779,"Cophixalus montanus",1,1,1,"IUCN",2008
"821",208201646,58019,"Chiasmocleis antenori",1,1,1,"Kelsey Neam",2021
"822",209089339,209086535,"Elachistocleis nigrogularis",1,1,1,"Kelsey Neam",2021
"823",209089339,209086535,"Elachistocleis nigrogularis",6,1,1,"Kelsey Neam",2021
"824",217017347,217017330,"Micryletta lineata",1,1,1,"Louise Hobin",2022
"825",219708605,57927,"Aphantophryne parkeri",1,1,1,"IUCN",2019
"826",219708605,57927,"Aphantophryne parkeri",1,1,1,"Louise Hobin",2019
"827",228483306,76317570,"Cophixalus tenuidactylus",1,1,1,"Steve Best",2019
"828",234992707,57918,"Oreophryne insulana",1,1,1,"IUCN",2019
"829",234992707,57918,"Oreophryne insulana",1,1,1,"Lauren Warr",2019
"830",234994195,76317613,"Oreophryne ezra",1,1,1,"Steve Best",2015
"831",245675165,57841,"Kalophrynus nubicola",1,1,1,"IUCN",2008
"832",245678583,57833,"Kalophrynus baluensis",1,1,1,"Kelsey Neam",2018
"833",254276355,57684,"Austrochaperina adamantina",1,1,1,"Louise Hobin",2019
"834",254276355,57684,"Austrochaperina adamantina",3,1,1,"Louise Hobin",2019
"835",254277292,57710,"Barygenys parvula",1,1,1,"IUCN",2019
"836",254277695,57766,"Choerophryne longirostris",1,1,1,"Louise Hobin",2019
